{
    "parent": "item/handheld",
    "textures": {
        "layer0": "items/diamond_shovel"
    },
    "overrides": [
        {
            "predicate": {
                "damaged": 1,
                "damage": 0.2
            },
            "model": "item/diamond_shovel_used"
        },
        {
            "predicate": {
                "damaged": 1,
                "damage": 0.5
            },
            "model": "item/diamond_shovel_wornout"
        },
        {
            "predicate": {
                "damaged": 1,
                "damage": 0.9
            },
            "model": "item/diamond_shovel_wrecked"
        }
    ]
}
