{
    "parent": "item/handheld",
    "textures": {
        "layer0": "items/gold_sword"	
    },
    "overrides": [
        {
            "predicate": {
                "damaged": 1,
                "damage": 0.1
            },
            "model": "item/golden_sword_used"
        },
        {
            "predicate": {
                "damaged": 1,
                "damage": 0.53
            },
            "model": "item/golden_sword_wornout"
        },
        {
            "predicate": {
                "damaged": 1,
                "damage": 0.78
            },
            "model": "item/golden_sword_wrecked"
        }
    ]
}
