{
    "parent": "item/handheld",
    "textures": {
        "layer0": "items/gold_hoe"	
    },
    "overrides": [
        {
            "predicate": {
                "damaged": 1,
                "damage": 0.1
            },
            "model": "item/golden_hoe_used"
        },
        {
            "predicate": {
                "damaged": 1,
                "damage": 0.6
            },
            "model": "item/golden_hoe_wornout"
        },
        {
            "predicate": {
                "damaged": 1,
                "damage": 0.85
            },
            "model": "item/golden_hoe_wrecked"
        }
    ]
}
