{
    "parent": "item/handheld",
    "textures": {
        "layer0": "items/gold_axe"	
    },
    "overrides": [
        {
            "predicate": {
                "damaged": 1,
                "damage": 0.1
            },
            "model": "item/golden_axe_used"
        },
        {
            "predicate": {
                "damaged": 1,
                "damage": 0.6
            },
            "model": "item/golden_axe_wornout"
        },
        {
            "predicate": {
                "damaged": 1,
                "damage": 0.85
            },
            "model": "item/golden_axe_wrecked"
        }
    ]
}
