{
    "parent": "item/handheld",
    "textures": {
        "layer0": "items/wood_hoe"	
    },
    "overrides": [
        {
            "predicate": {
                "damaged": 1,
                "damage": 0.2
            },
            "model": "item/wooden_hoe_used"
        },
        {
            "predicate": {
                "damaged": 1,
                "damage": 0.5
            },
            "model": "item/wooden_hoe_wornout"
        },
        {
            "predicate": {
                "damaged": 1,
                "damage": 0.9
            },
            "model": "item/wooden_hoe_wrecked"
        }
    ]
}
