{   "parent": "block/block",
    "display": {
        "gui": {
            "rotation": [ 30, 225, 0 ],
            "translation": [ 0, 0, 0],
            "scale":[ 0.625, 1, 0.625 ]
        }
    },
    "textures": {
        "particle": "#all"
    },
    "elements": [
        {   "from": [ 0, 0, 0 ],
            "to": [ 16, 16, 16 ],
            "faces": {
                "down":  { "uv": [ 0, 0, 16, 16 ], "texture": "#allfast", "tintindex": 0, "cullface": "down" },
                "up":    { "uv": [ 0, 0, 16, 16 ], "texture": "#allfast", "tintindex": 0, "cullface": "up" },
                "north": { "uv": [ 0, 0, 16, 16 ], "texture": "#allfast", "tintindex": 0, "cullface": "north" },
                "south": { "uv": [ 0, 0, 16, 16 ], "texture": "#allfast", "tintindex": 0, "cullface": "south" },
                "west":  { "uv": [ 0, 0, 16, 16 ], "texture": "#allfast", "tintindex": 0, "cullface": "west" },
                "east":  { "uv": [ 0, 0, 16, 16 ], "texture": "#allfast", "tintindex": 0, "cullface": "east" }
            }
        },
        {   "from": [0, 8, 0],
            "to": [16, 8, 16],
            "shade": true,
            "faces": {
                "up": { "texture": "#all", "tintindex": 0 },
                "down": {"texture": "#all", "tintindex": 0 }
            }
        },
        {   "from": [ 0, 0, 8 ],
            "to": [ 16, 16, 8 ],
            "rotation": { "origin": [ 8, 8, 8 ], "axis": "y", "angle": 45, "rescale": true },
            "shade": false,
            "faces": {
                "north": { "texture": "#all", "tintindex": 0 },
                "south": { "texture": "#all", "tintindex": 0  }
            }
        },
        {   "from": [ 8, 0, 0 ],
            "to": [ 8, 16, 16 ],
            "rotation": { "origin": [ 8, 8, 8 ], "axis": "y", "angle": 45, "rescale": true },
            "shade": false,
            "faces": {
                "west": { "texture": "#all", "tintindex": 0 },
                "east": { "texture": "#all", "tintindex": 0  }
            }
        }
    ]
}
